name,rank,tier,Name,Species,Gender,Personality,Birthday,Catchphrase
Marshal,1,Tier 1,Marshal,Squirrel,Male,Smug (A),September 29,sulky
Raymond,2,Tier 1,Raymond,Cat,Male,Smug (B),October 1,crisp
Shino,3,Tier 1,Shino,Deer,Female,Peppy (A),October 31,okaaay
Stitches,4,Tier 1,Stitches,Bear cub,Male,Lazy (B),February 10,stuffin'
Bob,5,Tier 1,Bob,Cat,Male,Lazy (B),January 1,pthhpth
Molly,6,Tier 1,Molly,Duck,Female,Normal (A),March 7,quackidee
Zucker,7,Tier 1,Zucker,Octopus,Male,Lazy (A),March 8,bloop
Sherb,8,Tier 1,Sherb,Goat,Male,Lazy (A),January 18,bawwww
Ankha,9,Tier 1,Ankha,Cat,Female,Snooty (B),September 22,me meow
Lolly,10,Tier 1,Lolly,Cat,Female,Normal (B),March 27,bonbon
Maple,11,Tier 1,Maple,Bear cub,Female,Normal (B),June 15,honey
Fuchsia,12,Tier 1,Fuchsia,Deer,Female,Big sister (A),September 19,precious
Fauna,13,Tier 1,Fauna,Deer,Female,Normal (A),March 26,dearie
Sasha,14,Tier 1,Sasha,Rabbit,Male,Lazy (B),May 19,hoppity
Kid Cat,15,Tier 1,Kid Cat,Cat,Male,Jock (B),August 1,psst
Judy,16,Tier 2,Judy,Cub,Female,Snooty (A),March 10,myohmy
Coco,17,Tier 2,Coco,Rabbit,Female,Normal (B),March 1,doyoing
Roald,18,Tier 2,Roald,Penguin,Male,Jock (B),January 5,b-b-buddy
Ione,19,Tier 2,Ione,Squirrel,Female,Normal (B),September 11,gleam
Marina,20,Tier 2,Marina,Octopus,Female,Normal (B),June 26,blurp
Lucky,21,Tier 2,Lucky,Dog,Male,Lazy (B),November 4,rrr-owch
Ketchup,22,Tier 2,Ketchup,Duck,Female,Peppy (A),July 27,bitty
Audie,23,Tier 2,Audie,Wolf,Female,Peppy (A),August 31,foxtrot
Punchy,24,Tier 2,Punchy,Cat,Male,Lazy (B),April 11,mrmpht
Merengue,25,Tier 2,Merengue,Rhinoceros,Female,Normal (A),March 19,shortcake
Beau,26,Tier 2,Beau,Deer,Male,Lazy (A),April 5,saltlick
Dom,27,Tier 2,Dom,Sheep,Male,Jock (A),March 18,indeedaroo
Rosie,28,Tier 2,Rosie,Cat,Female,Peppy (A),February 27,silly
Teddy,29,Tier 2,Teddy,Bear,Male,Jock (B),September 26,grooof
Cherry,30,Tier 2,Cherry,Dog,Female,Big sister (A),May 11,what what
Boots,31,Tier 2,Boots,Alligator,Male,Jock (A),August 7,munchie
Barold,32,Tier 2,Barold,Cub,Male,Lazy (A),March 2,cubby
Tangy,33,Tier 2,Tangy,Cat,Female,Peppy (B),June 17,reeeeOWR
Lily,34,Tier 2,Lily,Frog,Female,Normal (B),February 4,toady
Cephalobot,35,Tier 2,Cephalobot,Octopus,Male,Smug (B),April 1,donk donk
Bam,36,Tier 2,Bam,Deer,Male,Jock (A),November 7,kablang
Apollo,37,Tier 2,Apollo,Eagle,Male,Cranky (B),July 4,pah
Kiki,38,Tier 2,Kiki,Cat,Female,Normal (B),October 8,kitty cat
Poppy,39,Tier 2,Poppy,Squirrel,Female,Normal (B),August 5,nutty
Erik,40,Tier 2,Erik,Deer,Male,Lazy (A),July 27,chow down
Goldie,41,Tier 3,Goldie,Dog,Female,Normal (B),December 27,woof
Pietro,42,Tier 3,Pietro,Sheep,Male,Smug (A),April 19,honk honk
Dotty,43,Tier 3,Dotty,Rabbit,Female,Peppy (B),March 14,wee one
Diana,44,Tier 3,Diana,Deer,Female,Snooty (A),January 4,no doy
Broffina,45,Tier 3,Broffina,Chicken,Female,Snooty (A),October 24,cluckadoo
Katt,46,Tier 3,Katt,Cat,Female,Big sister (A),April 27,purrty
Mitzi,47,Tier 3,Mitzi,Cat,Female,Normal (B),September 25,mew
Cookie,48,Tier 3,Cookie,Dog,Female,Peppy (B),June 18,arfer
Apple,49,Tier 3,Apple,Hamster,Female,Peppy (A),September 24,cheekers
Bunnie,50,Tier 3,Bunnie,Rabbit,Female,Peppy (B),May 9,tee-hee
Quillson,51,Tier 3,Quillson,Duck,Male,Smug (A),December 22,ridukulous
Bluebear,52,Tier 3,Bluebear,Cub,Female,Peppy (B),June 24,peach
Melba,53,Tier 3,Melba,Koala,Female,Normal (B),April 12,toasty
Tia,54,Tier 3,Tia,Elephant,Female,Normal (A),November 18,teacup
Biskit,55,Tier 3,Biskit,Dog,Male,Lazy (B),May 13,dawg
Flora,56,Tier 3,Flora,Ostrich,Female,Peppy (A),February 9,pinky
Kabuki,57,Tier 3,Kabuki,Cat,Male,Cranky (B),November 29,meooo-OH
Ruby,58,Tier 3,Ruby,Rabbit,Female,Peppy (B),December 25,li'l ears
Olivia,59,Tier 3,Olivia,Cat,Female,Snooty (B),February 3,purrr
Filbert,60,Tier 3,Filbert,Squirrel,Male,Lazy (A),June 3,bucko
Pashmina,61,Tier 3,Pashmina,Goat,Female,Big sister (A),December 26,kidders
Wolfgang,62,Tier 3,Wolfgang,Wolf,Male,Cranky (B),November 25,snarrrl
Hornsby,63,Tier 3,Hornsby,Rhinoceros,Male,Lazy (A),March 20,schnozzle
Skye,64,Tier 3,Skye,Wolf,Female,Normal (A),March 24,airmail
Bill,65,Tier 3,Bill,Duck,Male,Jock (A),February 1,quacko
Sprinkle,66,Tier 3,Sprinkle,Penguin,Female,Peppy (A),February 20,frappe
Whitney,67,Tier 3,Whitney,Wolf,Female,Snooty (B),September 17,snappy
Scoot,68,Tier 3,Scoot,Duck,Male,Jock (B),June 13,zip zoom
Julian,69,Tier 3,Julian,Horse,Male,Smug (A),March 15,glitter
Zell,70,Tier 3,Zell,Deer,Male,Smug (A),June 7,pronk
Muffy,71,Tier 4,Muffy,Sheep,Female,Big sister (A),February 14,nightshade
Merry,72,Tier 4,Merry,Cat,Female,Peppy (B),June 29,mweee
Aurora,73,Tier 4,Aurora,Penguin,Female,Normal (B),January 27,b-b-baby
Henry,74,Tier 4,Henry,Frog,Male,Smug (A),September 21,snoozit
Felicity,75,Tier 4,Felicity,Cat,Female,Peppy (B),March 30,mimimi
Gayle,76,Tier 4,Gayle,Alligator,Female,Normal (A),May 17,snacky
Fang,77,Tier 4,Fang,Wolf,Male,Cranky (B),December 18,cha-chomp
Flurry,78,Tier 4,Flurry,Hamster,Female,Normal (A),January 30,powderpuff
Chevre,79,Tier 4,Chevre,Goat,Female,Normal (B),March 6,la baa
Wade,80,Tier 4,Wade,Penguin,Male,Lazy (A),October 30,so it goes
Walker,81,Tier 4,Walker,Dog,Male,Lazy (B),June 10,wuh
Sylvana,82,Tier 4,Sylvana,Squirrel,Female,Normal (A),October 22,hubbub
Kyle,83,Tier 4,Kyle,Wolf,Male,Smug (A),December 6,alpha
Genji,84,Tier 4,Genji,Rabbit,Male,Jock (B),January 21,mochi
Reneigh,85,Tier 4,Reneigh,Horse,Female,Big sister (A),June 4,ayup yup
Bruce,86,Tier 4,Bruce,Deer,Male,Cranky (A),May 26,gruff
Bones,87,Tier 4,Bones,Dog,Male,Lazy (B),August 4,yip yip
Joey,88,Tier 4,Joey,Duck,Male,Lazy (B),January 3,bleeeeeck
OHare,89,Tier 4,,,,,,
Mint,90,Tier 4,Mint,Squirrel,Female,Snooty (B),May 2,ahhhhhh
Dobie,91,Tier 4,Dobie,Wolf,Male,Cranky (A),February 17,ohmmm
Daisy,92,Tier 4,Daisy,Dog,Female,Normal (B),November 16,bow-WOW
Peanut,93,Tier 4,Peanut,Squirrel,Female,Peppy (B),June 8,slacker
Shari,94,Tier 4,Shari,Monkey,Female,Big sister (A),April 10,cheeky
Hamlet,95,Tier 4,Hamlet,Hamster,Male,Jock (A),May 30,hammie
Ellie,96,Tier 4,Ellie,Elephant,Female,Normal (A),May 12,li'l one
Shep,97,Tier 4,Shep,Dog,Male,Smug (A),November 24,baa baa baa
Rudy,98,Tier 4,Rudy,Cat,Male,Jock (A),December 20,mush
Chadder,99,Tier 4,Chadder,Mouse,Male,Smug (A),December 15,fromage
Chrissy,100,Tier 4,Chrissy,Rabbit,Female,Peppy (B),August 28,sparkles
Poncho,101,Tier 4,Poncho,Bear cub,Male,Jock (B),January 2,li'l bear
Tiansheng,102,Tier 4,Tiansheng,Monkey,Male,Jock (B),August 18,wuwu
Puddles,103,Tier 4,Puddles,Frog,Female,Peppy (B),January 13,splish
Flo,104,Tier 4,Flo,Penguin,Female,Big sister (A),September 2,cha
Biff,105,Tier 4,Biff,Hippo,Male,Jock (B),March 29,squirt
Purrl,106,Tier 4,Purrl,Cat,Female,Snooty (B),May 29,kitten
Jeremiah,107,Tier 4,Jeremiah,Frog,Male,Lazy (B),July 8,nee-deep
Cube,108,Tier 4,Cube,Penguin,Male,Lazy (B),January 29,brainfreeze
Kidd,109,Tier 4,Kidd,Goat,Male,Smug (B),June 28,wut
Tipper,110,Tier 4,Tipper,Cow,Female,Snooty (B),August 25,pushy
Pekoe,111,Tier 4,Pekoe,Bear cub,Female,Normal (B),May 18,bud
Chabwick,112,Tier 4,Chabwick,Penguin,Male,Lazy (A),December 24,blargh
Octavian,113,Tier 4,Octavian,Octopus,Male,Cranky (B),September 20,sucker
Tom,114,Tier 4,Tom,Cat,Male,Cranky (B),December 10,me-YOWZA
Chief,115,Tier 4,Chief,Wolf,Male,Cranky (B),December 19,harrumph
Bianca,116,Tier 4,Bianca,Tiger,Female,Peppy (A),December 13,glimmer
Drago,117,Tier 4,Drago,Alligator,Male,Lazy (A),February 12,burrrn
Antonio,118,Tier 4,Antonio,Anteater,Male,Jock (B),October 20,honk
Dizzy,119,Tier 4,Dizzy,Elephant,Male,Lazy (B),July 14,woo-oo
Freckles,120,Tier 4,Freckles,Duck,Female,Peppy (B),February 19,ducky
Del,121,Tier 4,Del,Alligator,Male,Cranky (B),May 27,gronk
Ozzie,122,Tier 4,Ozzie,Koala,Male,Lazy (B),May 7,ol' bear
Tex,123,Tier 4,Tex,Penguin,Male,Smug (A),October 6,picante
Agnes,124,Tier 4,Agnes,Pig,Female,Big sister (A),April 21,snuffle
Phoebe,125,Tier 4,Phoebe,Ostrich,Female,Big sister (A),April 22,sparky
Static,126,Tier 4,Static,Squirrel,Male,Cranky (B),July 9,krzzt
Clay,127,Tier 4,Clay,Hamster,Male,Lazy (A),October 19,thump
Hazel,128,Tier 4,Hazel,Squirrel,Female,Big sister (A),August 30,uni-wow
Cranston,129,Tier 4,Cranston,Ostrich,Male,Lazy (A),September 23,sweatband
Sydney,130,Tier 4,Sydney,Koala,Female,Normal (B),June 21,sunshine
Tammy,131,Tier 5,Tammy,Bear cub,Female,Big sister (A),June 23,ya heard
Derwin,132,Tier 5,Derwin,Duck,Male,Lazy (B),May 25,derrrr
Vivian,133,Tier 5,Vivian,Wolf,Female,Snooty (A),January 26,piffle
Leopold,134,Tier 5,Leopold,Lion,Male,Smug (A),August 14,lion cub
Sprocket,135,Tier 5,Sprocket,Ostrich,Male,Jock (A),December 1,zort
Bangle,136,Tier 5,Bangle,Tiger,Female,Peppy (B),August 27,growf
Deli,137,Tier 5,Deli,Monkey,Male,Lazy (A),May 24,monch
Plucky,138,Tier 5,Plucky,Chicken,Female,Big sister (A),October 12,chicky-poo
Francine,139,Tier 5,Francine,Rabbit,Female,Snooty (B),January 22,karat
Mira,140,Tier 5,Mira,Rabbit,Female,Big sister (A),July 6,cottontail
Gladys,141,Tier 5,Gladys,Ostrich,Female,Normal (B),January 15,stretch
Bella,142,Tier 5,Bella,Mouse,Female,Peppy (B),December 28,eeks
Walt,143,Tier 5,Walt,Kangaroo,Male,Cranky (A),April 24,pockets
Doc,144,Tier 5,Doc,Rabbit,Male,Lazy (B),March 16,old bunny
Cheri,145,Tier 5,Cheri,Cub,Female,Peppy (B),March 17,tralala
Étoile,146,Tier 5,Étoile,Sheep,Female,Normal (A),December 25,fuzzy
Carmen,147,Tier 5,Carmen,Rabbit,Female,Peppy (B),January 6,nougat
Moe,148,Tier 5,Moe,Cat,Male,Lazy (B),January 12,myawn
Pate,149,Tier 5,Pate,Duck,Female,Peppy (B),February 23,quackle
Cally,150,Tier 5,Cally,Squirrel,Female,Normal (B),September 4,WHEE
Roscoe,151,Tier 5,Roscoe,Horse,Male,Cranky (B),June 16,nay
Nan,152,Tier 5,Nan,Goat,Female,Normal (B),August 24,kid
Rodney,153,Tier 5,Rodney,Hamster,Male,Smug (A),November 10,le ham
Elmer,154,Tier 5,Elmer,Horse,Male,Lazy (B),October 5,tenderfoot
Faith,155,Tier 5,Faith,Koala,Female,Big sister (B),March 21,aloha
Sterling,156,Tier 5,Sterling,Eagle,Male,Jock (B),December 11,skraaaaw
Lyman,157,Tier 5,Lyman,Koala,Male,Jock (A),October 12,chips
Deirdre,158,Tier 5,Deirdre,Deer,Female,Big sister (A),May 4,whatevs
Willow,159,Tier 5,Willow,Sheep,Female,Snooty (B),November 26,bo peep
Pudge,160,Tier 5,Pudge,Bear cub,Male,Lazy (B),June 11,pudgy
Tad,161,Tier 5,Tad,Frog,Male,Jock (A),August 3,sluuuurp
Julia,162,Tier 5,Julia,Ostrich,Female,Snooty (A),July 31,dahling
Stella,163,Tier 5,Stella,Sheep,Female,Normal (A),April 9,baa-dabing
Tutu,164,Tier 5,Tutu,Bear,Female,Peppy (B),September 15,twinkles
Broccolo,165,Tier 5,Broccolo,Mouse,Male,Lazy (B),June 30,eat it
Midge,166,Tier 5,Midge,Bird,Female,Normal (B),March 12,tweedledee
Eugene,167,Tier 5,Eugene,Koala,Male,Smug (A),October 26,yeah buddy
Colton,168,Tier 5,Colton,Horse,Male,Smug (A),May 22,check it
Egbert,169,Tier 5,Egbert,Chicken,Male,Lazy (B),October 14,doodle-duh
Marcie,170,Tier 5,Marcie,Kangaroo,Female,Normal (A),May 31,pouches
Boomer,171,Tier 5,Boomer,Penguin,Male,Lazy (B),February 7,human
Margie,172,Tier 5,Margie,Elephant,Female,Normal (B),January 28,tootie
Renée,173,Tier 5,Renée,Rhinoceros,Female,Big sister (A),May 28,yo yo yo
Stinky,174,Tier 5,Stinky,Cat,Male,Jock (B),August 17,GAAHHH
Caroline,175,Tier 5,Caroline,Squirrel,Female,Normal (B),July 15,hulaaaa
Hamphrey,176,Tier 5,Hamphrey,Hamster,Male,Cranky (A),February 25,snort
Prince,177,Tier 5,Prince,Frog,Male,Lazy (B),July 21,burrup
Tabby,178,Tier 5,Tabby,Cat,Female,Peppy (B),August 13,me-WOW
Curt,179,Tier 5,Curt,Bear,Male,Cranky (A),July 1,fuzzball
Chelsea,180,Tier 5,Chelsea,Deer,Female,Normal (A),January 18,pound cake
Kody,181,Tier 5,Kody,Cub,Male,Jock (B),September 28,grah grah
Mathilda,182,Tier 5,Mathilda,Kangaroo,Female,Snooty (B),November 12,wee baby
Buzz,183,Tier 5,Buzz,Eagle,Male,Cranky (A),December 7,captain
Croque,184,Tier 5,Croque,Frog,Male,Cranky (A),July 18,as if
Snake,185,Tier 5,Snake,Rabbit,Male,Jock (B),November 3,bunyip
Freya,186,Tier 5,Freya,Wolf,Female,Snooty (B),December 14,uff da
Lobo,187,Tier 5,Lobo,Wolf,Male,Cranky (B),November 5,ah-rooooo
Chai,188,Tier 5,Chai,Elephant,Female,Peppy (A),March 6,flap flap
Savannah,189,Tier 5,Savannah,Horse,Female,Normal (B),January 25,y'all
Sally,190,Tier 5,Sally,Squirrel,Female,Normal (B),June 19,nutmeg
Iggly,191,Tier 5,Iggly,Penguin,Male,Jock (B),November 2,waddler
Petri,192,Tier 5,Petri,Mouse,Female,Snooty (A),October 23,mmmhmm
Papi,193,Tier 5,Papi,Horse,Male,Lazy (A),January 10,haaay
Gala,194,Tier 5,Gala,Pig,Female,Normal (B),March 5,snortie
Phil,195,Tier 5,Phil,Ostrich,Male,Smug (A),November 27,hurk
Billy,196,Tier 5,Billy,Goat,Male,Jock (A),March 25,dagnaabit
Pierce,197,Tier 5,Pierce,Eagle,Male,Jock (B),January 8,hawkeye
Groucho,198,Tier 5,Groucho,Bear,Male,Cranky (B),October 23,grumble
Quinn,199,Tier 5,Quinn,Eagle,Female,Big sister (A),January 20,proper
Celia,200,Tier 5,Celia,Eagle,Female,Normal (A),March 25,feathers
Blaire,201,Tier 5,Blaire,Squirrel,Female,Snooty (B),July 3,nutlet
Axel,202,Tier 5,Axel,Elephant,Male,Jock (B),March 23,WHONK
Olive,203,Tier 5,Olive,Bear cub,Female,Normal (A),July 12,sweet pea
Murphy,204,Tier 5,Murphy,Bear cub,Male,Cranky (A),December 29,malarkey
Anicotti,205,Tier 5,Anicotti,Mouse,Female,Peppy (B),February 24,cannoli
Cleo,206,Tier 5,Cleo,Horse,Female,Snooty (A),February 9,sugar
Marlo,207,Tier 5,Marlo,Hamster,Male,Cranky (B),June 26,gabeesh
Pinky,208,Tier 5,Pinky,Bear,Female,Peppy (B),September 9,wah
Piper,209,Tier 5,Piper,Bird,Female,Peppy (A),April 18,chickadee
Blanche,210,Tier 5,Blanche,Ostrich,Female,Snooty (A),December 21,quite so
Pango,211,Tier 5,Pango,Anteater,Female,Peppy (B),November 9,snooooof
Rory,212,Tier 5,Rory,Lion,Male,Jock (A),August 7,capital
Samson,213,Tier 5,Samson,Mouse,Male,Jock (B),July 5,pipsqueak
Azalea,214,Tier 5,Azalea,Rhinoceros,Female,Snooty (B),December 18,merci
Vesta,215,Tier 5,Vesta,Sheep,Female,Normal (B),April 16,baaaffo
Bea,216,Tier 5,Bea,Dog,Female,Normal (A),October 15,bingo
Frett,217,Tier 5,Frett,Dog,Male,Cranky (B),October 30,goshers
Chester,218,Tier 5,Chester,Cub,Male,Lazy (B),August 6,rookie
Sly,219,Tier 5,Sly,Alligator,Male,Jock (A),November 15,hoo-rah
Nate,220,Tier 5,Nate,Bear,Male,Lazy (B),August 16,yawwwn
Cousteau,221,Tier 5,Cousteau,Frog,Male,Jock (B),December 17,oui oui
Roswell,222,Tier 5,Roswell,Alligator,Male,Smug (A),May 2,spaaace
Norma,223,Tier 5,Norma,Cow,Female,Normal (A),September 20,hoof hoo
Nibbles,224,Tier 5,Nibbles,Squirrel,Female,Peppy (B),July 19,niblet
Sheldon,225,Tier 5,Sheldon,Squirrel,Male,Jock (A),February 26,cardio
Buck(Brows),226,Tier 5,,,,,,
Coach,227,Tier 5,Coach,Bull,Male,Jock (A),April 29,stubble
Weber,228,Tier 5,Weber,Duck,Male,Lazy (A),June 30,quaa
Rio,229,Tier 5,Rio,Ostrich,Female,Peppy (B),September 10,li'l chick
Frobert,230,Tier 5,Frobert,Frog,Male,Jock (B),February 8,fribbit
Bud,231,Tier 5,Bud,Lion,Male,Jock (B),August 8,shredded
Agent S,232,Tier 5,Agent S,Squirrel,Female,Peppy (B),July 2,sidekick
Ribbot,233,Tier 5,Ribbot,Frog,Male,Jock (B),February 13,zzrrbbitt
Megan,234,Tier 5,Megan,Bear,Female,Normal (A),March 13,sundae
Frita,235,Tier 5,Frita,Sheep,Female,Big sister (A),July 16,oh ewe
Maddie,236,Tier 5,Maddie,Dog,Female,Peppy (A),January 11,yippee
Raddle,237,Tier 5,Raddle,Frog,Male,Lazy (A),June 6,aaach—
Anchovy,238,Tier 5,Anchovy,Bird,Male,Lazy (B),March 4,chuurp
Beardo,239,Tier 5,Beardo,Bear,Male,Smug (A),September 27,whiskers
Diva,240,Tier 5,Diva,Frog,Female,Big sister (A),October 2,ya know
Rex,241,Tier 5,Rex,Lion,Male,Lazy (A),July 24,cool cat
Butch,242,Tier 5,Butch,Dog,Male,Cranky (B),November 1,ROOOOOWF
Patty,243,Tier 5,Patty,Cow,Female,Peppy (B),May 10,how-now
Pompom,244,Tier 5,Pompom,Duck,Female,Peppy (B),February 11,rah rah
Drift,245,Tier 5,Drift,Frog,Male,Jock (B),October 9,dribbit
June,246,Tier 5,June,Cub,Female,Normal (A),May 21,rainbow
Wendy,247,Tier 5,Wendy,Sheep,Female,Peppy (B),August 15,lambkins
Tasha,248,Tier 5,Tasha,Squirrel,Female,Snooty (A),November 30,nice nice
Cyd,249,Tier 5,Cyd,Elephant,Male,Cranky (A),June 9,rockin'
Zoe,250,Tier 5,Zoe,Anteater,Female,Normal (B),February 10,zoozooroo
Bertha,251,Tier 6,Bertha,Hippo,Female,Normal (B),April 25,bloop
Jacob,252,Tier 6,Jacob,Bird,Male,Lazy (A),August 24,ya feel
Baabara,253,Tier 6,Baabara,Sheep,Female,Snooty (B),March 28,daahling
Louie,254,Tier 6,Louie,Gorilla,Male,Jock (A),March 26,hoo hoo ha
Grizzly,255,Tier 6,Grizzly,Bear,Male,Cranky (B),July 31,grrr
Jambette,256,Tier 6,Jambette,Frog,Female,Normal (B),October 27,croak-kay
Moose,257,Tier 6,Moose,Mouse,Male,Jock (B),September 13,shorty
Alice,258,Tier 6,Alice,Koala,Female,Normal (B),August 19,guvnor
Tank,259,Tier 6,Tank,Rhinoceros,Male,Jock (B),May 6,kerPOW
Bubbles,260,Tier 6,Bubbles,Hippo,Female,Peppy (B),September 18,hipster
Eunice,261,Tier 6,Eunice,Sheep,Female,Normal (B),April 3,lambchop
Boone,262,Tier 6,Boone,Gorilla,Male,Jock (B),September 12,baboom
Klaus,263,Tier 6,Klaus,Bear,Male,Smug (A),March 31,strudel
Sylvia,264,Tier 6,Sylvia,Kangaroo,Female,Big sister (B),May 3,boing
Bree,265,Tier 6,Bree,Mouse,Female,Snooty (B),July 7,cheeseball
Jitters,266,Tier 6,Jitters,Bird,Male,Jock (B),February 2,bzzert
Marty,267,Tier 6,Marty,Bear cub,Male,Lazy (A),April 16,pompom
Flip,268,Tier 6,Flip,Monkey,Male,Jock (A),November 21,rerack
Twiggy,269,Tier 6,Twiggy,Bird,Female,Peppy (B),July 13,cheepers
Drake,270,Tier 6,Drake,Duck,Male,Lazy (B),June 25,quacko
Tybalt,271,Tier 6,Tybalt,Tiger,Male,Jock (A),August 19,grrrRAH
Angus,272,Tier 6,Angus,Bull,Male,Cranky (B),April 30,macmoo
Leonardo,273,Tier 6,Leonardo,Tiger,Male,Jock (B),May 15,flexin'
Kitty,274,Tier 6,Kitty,Cat,Female,Snooty (B),February 15,mrowrr
Limberg,275,Tier 6,Limberg,Mouse,Male,Cranky (B),October 17,squinky
Nana,276,Tier 6,Nana,Monkey,Female,Normal (B),August 23,po po
Benjamin,277,Tier 6,Benjamin,Dog,Male,Lazy (A),August 3,alrighty
Rod,278,Tier 6,Rod,Mouse,Male,Jock (B),August 14,ace
Portia,279,Tier 6,Portia,Dog,Female,Snooty (B),October 25,ruffian
Velma,280,Tier 6,Velma,Goat,Female,Snooty (B),January 14,blih
Canberra,281,Tier 6,Canberra,Koala,Female,Big sister (A),May 14,nuh uh
Mac,282,Tier 6,Mac,Dog,Male,Jock (B),November 11,woo woof
Goose,283,Tier 6,Goose,Chicken,Male,Jock (B),October 4,buh-kay
Gonzo,284,Tier 6,Gonzo,Koala,Male,Cranky (A),October 13,mate
Hopper,285,Tier 6,Hopper,Penguin,Male,Cranky (B),April 6,slushie
Paolo,286,Tier 6,Paolo,Elephant,Male,Lazy (A),May 5,pal
Ursala,287,Tier 6,Ursala,Bear,Female,Big sister (A),January 16,grooomph
Puck,288,Tier 6,Puck,Penguin,Male,Lazy (B),February 21,brrrrrrrrr
Rocket,289,Tier 6,Rocket,Gorilla,Female,Big sister (B),April 14,vroom
Lopez,290,Tier 6,Lopez,Deer,Male,Smug (A),August 20,badoom
Rolf,291,Tier 6,Rolf,Tiger,Male,Cranky (B),August 22,grrrolf
Al,292,Tier 6,Al,Gorilla,Male,Lazy (B),October 18,ayyyeee
Pecan,293,Tier 6,Pecan,Squirrel,Female,Snooty (B),September 10,chipmunk
Olaf,294,Tier 6,Olaf,Anteater,Male,Smug (A),May 19,whiffa
Winnie,295,Tier 6,Winnie,Horse,Female,Peppy (B),January 31,hay-OK
Pippy,296,Tier 6,Pippy,Rabbit,Female,Peppy (B),June 14,li'l hare
Peck,297,Tier 6,Peck,Bird,Male,Jock (A),July 25,crunch
Rizzo,298,Tier 6,Rizzo,Mouse,Male,Cranky (B),January 17,squee
Alfonso,299,Tier 6,Alfonso,Alligator,Male,Lazy (B),June 9,it'sa me
Tiffany,300,Tier 6,Tiffany,Rabbit,Female,Snooty (B),January 9,bunbun
Marcel,301,Tier 6,Marcel,Dog,Male,Lazy (B),December 31,non
Jacques,302,Tier 6,Jacques,Bird,Male,Smug (A),June 22,zut alors
Cole,303,Tier 6,Cole,Rabbit,Male,Lazy (A),August 10,coooooool
Hopkins,304,Tier 6,Hopkins,Rabbit,Male,Lazy (A),March 11,thumper
Gaston,305,Tier 6,Gaston,Rabbit,Male,Cranky (B),October 28,mon chou
Deena,306,Tier 6,Deena,Duck,Female,Normal (B),June 27,woowoo
Simon,307,Tier 6,Simon,Monkey,Male,Lazy (B),January 19,zzzook
Jay,308,Tier 6,Jay,Bird,Male,Jock (B),July 17,heeeeeyy
Peewee,309,Tier 6,Peewee,Gorilla,Male,Cranky (B),September 11,li'l bitty baby
Monique,310,Tier 6,Monique,Cat,Female,Snooty (B),September 30,pffffft
Gruff,311,Tier 6,Gruff,Goat,Male,Cranky (B),August 29,bleh eh eh
Ricky,312,Tier 6,Ricky,Squirrel,Male,Cranky (B),September 14,nutcase
Amelia,313,Tier 6,Amelia,Eagle,Female,Snooty (B),November 19,cuz
Avery,314,Tier 6,Avery,Eagle,Male,Cranky (B),February 22,skree-haw
Stu,315,Tier 6,Stu,Bull,Male,Lazy (A),April 20,mrooooo
Tammi,316,Tier 6,Tammi,Monkey,Female,Peppy (B),April 2,chimpy
Bonbon,317,Tier 6,Bonbon,Rabbit,Female,Peppy (A),March 3,deelish
Harry,318,Tier 6,Harry,Hippo,Male,Cranky (B),January 7,beach bum
Anabelle,319,Tier 6,Anabelle,Anteater,Female,Peppy (B),February 16,snorty
Ken,320,Tier 6,Ken,Chicken,Male,Smug (A),December 23,no doubt
Elvis,321,Tier 6,Elvis,Lion,Male,Cranky (B),July 23,unh-hunh
Admiral,322,Tier 6,Admiral,Bird,Male,Cranky (A),January 27,aye aye
Dora,323,Tier 6,Dora,Mouse,Female,Normal (B),February 18,squeaky
Elise,324,Tier 6,Elise,Monkey,Female,Snooty (B),March 21,puh-lease
Kitt,325,Tier 6,Kitt,Kangaroo,Female,Normal (B),October 11,child
Huck,326,Tier 6,Huck,Frog,Male,Smug (A),July 9,hopper
Ava,327,Tier 6,Ava,Chicken,Female,Normal (B),April 28,beaker
Cyrano,328,Tier 6,Cyrano,Anteater,Male,Cranky (B),March 9,ah-CHOO
Timbra,329,Tier 6,Timbra,Sheep,Female,Snooty (A),October 21,pine nut
Rodeo,330,Tier 6,Rodeo,Bull,Male,Lazy (B),October 29,chaps
Graham,331,Tier 6,Graham,Hamster,Male,Smug (A),June 20,indeed
Hugh,332,Tier 6,Hugh,Pig,Male,Lazy (B),December 30,snortle
Opal,333,Tier 6,Opal,Elephant,Female,Snooty (B),January 20,snoot
Peggy,334,Tier 6,Peggy,Pig,Female,Peppy (B),May 23,shweetie
Maggie,335,Tier 6,Maggie,Pig,Female,Normal (A),September 3,schep
Soleil,336,Tier 6,Soleil,Hamster,Female,Snooty (A),August 9,tarnation
Violet,337,Tier 6,Violet,Gorilla,Female,Snooty (B),September 1,sweetie
Becky,338,Tier 6,Becky,Chicken,Female,Snooty (B),December 9,chicklet
WartJr,339,Tier 6,,,,,,
Tucker,340,Tier 6,Tucker,Elephant,Male,Lazy (A),September 7,fuzzers
Rowan,341,Tier 6,Rowan,Tiger,Male,Jock (B),August 26,mango
Curlos,342,Tier 6,Curlos,Sheep,Male,Smug (B),May 8,shearly
Hans,343,Tier 6,Hans,Gorilla,Male,Smug (A),December 5,groovy
Vladimir,344,Tier 6,Vladimir,Bear cub,Male,Cranky (B),August 2,nyet
Claude,345,Tier 6,Claude,Rabbit,Male,Lazy (A),December 3,hopalong
Gabi,346,Tier 6,Gabi,Rabbit,Female,Peppy (B),December 16,honeybun
Astrid,347,Tier 6,Astrid,Kangaroo,Female,Snooty (B),September 8,my pet
Boris,348,Tier 6,Boris,Pig,Male,Cranky (A),November 6,schnort
Rooney,349,Tier 6,Rooney,Kangaroo,Male,Cranky (A),December 1,punches
Mott,350,Tier 6,Mott,Lion,Male,Jock (B),July 10,cagey
Candi,351,Tier 6,Candi,Mouse,Female,Peppy (A),April 13,sweetie
Annalise,352,Tier 6,Annalise,Horse,Female,Snooty (B),December 2,nipper
Camofrog,353,Tier 6,Camofrog,Frog,Male,Cranky (B),June 5,ten-hut
Crackle(Spork),354,Tier 6,,,,,,
Bettina,355,Tier 6,Bettina,Mouse,Female,Normal (B),June 12,eekers
Hippeux,356,Tier 6,Hippeux,Hippo,Male,Smug (A),October 15,natch
Cobb,357,Tier 6,Cobb,Pig,Male,Jock (B),October 7,hot dog
Clyde,358,Tier 6,Clyde,Horse,Male,Lazy (B),May 1,clip clawp
Penelope,359,Tier 6,Penelope,Mouse,Female,Peppy (A),February 5,oh bow
Robin,360,Tier 6,Robin,Bird,Female,Snooty (B),December 4,la-di-da
Annalisa,361,Tier 6,Annalisa,Anteater,Female,Normal (A),February 6,gumdrop
Eloise,362,Tier 6,Eloise,Elephant,Female,Snooty (B),December 8,tooooot
Vic,363,Tier 6,Vic,Bull,Male,Cranky (A),December 29,cud
Friga,364,Tier 6,Friga,Penguin,Female,Snooty (B),October 16,brrrmph
Peaches,365,Tier 6,Peaches,Horse,Female,Normal (B),November 28,neighbor
Cesar,366,Tier 6,Cesar,Gorilla,Male,Cranky (B),September 6,highness
Gigi,367,Tier 6,Gigi,Frog,Female,Snooty (B),August 11,ribbette
Snooty,368,Tier 6,Snooty,Anteater,Female,Snooty (A),October 24,sniffff
Ace,369,Tier 6,Ace,Bird,Male,Jock (A),August 11,ace
Keaton,370,Tier 6,Keaton,Eagle,Male,Smug (A),June 1,wingo
Lionel,371,Tier 6,Lionel,Lion,Male,Smug (A),July 29,precisely
Knox,372,Tier 6,Knox,Chicken,Male,Cranky (B),November 23,cluckling
Big Top,373,Tier 6,Big Top,Elephant,Male,Lazy (B),October 3,villain
Yuka,374,Tier 6,Yuka,Koala,Female,Snooty (B),July 20,tsk tsk
Lucha,375,Tier 6,Lucha,Bird,Male,Smug (A),December 12,cacaw
Claudia,376,Tier 6,Claudia,Tiger,Female,Snooty (A),November 22,ooh la la
Rhonda,377,Tier 6,Rhonda,Rhinoceros,Female,Normal (B),January 24,bigfoot
Sandy,378,Tier 6,Sandy,Ostrich,Female,Normal (A),October 21,speedy
Truffles,379,Tier 6,Truffles,Pig,Female,Peppy (B),July 28,snoutie
Miranda,380,Tier 6,Miranda,Duck,Female,Snooty (B),April 23,quackulous
Rocco,381,Tier 6,Rocco,Hippo,Male,Cranky (B),August 18,hippie
Cashmere,382,Tier 6,Cashmere,Sheep,Female,Snooty (A),April 2,baaaby
Maelle,383,Tier 6,Maelle,Duck,Female,Snooty (B),April 8,duckling
Spike,384,Tier 6,Spike,Rhinoceros,Male,Cranky (A),June 17,punk
Lucy,385,Tier 6,Lucy,Pig,Female,Normal (B),June 2,snoooink
Alli,386,Tier 6,Alli,Alligator,Female,Snooty (B),November 8,graaagh
Victoria,387,Tier 6,Victoria,Horse,Female,Peppy (B),July 11,sugar cube
Rasher,388,Tier 6,Rasher,Pig,Male,Cranky (B),April 7,swine
Monty,389,Tier 6,Monty,Monkey,Male,Cranky (B),December 7,g'tang
Pancetti,390,Tier 6,Pancetti,Pig,Female,Snooty (A),November 14,sooey
Rilla,391,Tier 6,Rilla,Gorilla,Female,Peppy (A),November 1,hello
Ed,392,Tier 6,Ed,Horse,Male,Smug (B),September 16,greenhorn
Charlise,393,Tier 6,Charlise,Bear,Female,Big sister (B),April 17,urgh
Curly,394,Tier 6,Curly,Pig,Male,Jock (B),July 26,nyoink
Chow,395,Tier 6,Chow,Bear,Male,Cranky (B),July 22,aiya
Sparro,396,Tier 6,Sparro,Bird,Male,Jock (A),November 20,like whoa
Frank,397,Tier 6,Frank,Eagle,Male,Cranky (B),July 30,crushy
Naomi,398,Tier 6,Naomi,Cow,Female,Snooty (A),February 28,moolah
Paula,399,Tier 6,Paula,Bear,Female,Big sister (B),March 22,yodelay
Gwen,400,Tier 6,Gwen,Penguin,Female,Snooty (B),January 23,h-h-h-hon
T-Bone,401,Tier 6,T-Bone,Bull,Male,Cranky (B),May 20,moocher
Mallary,402,Tier 6,Mallary,Duck,Female,Snooty (B),November 17,quackpth
Benedict,403,Tier 6,Benedict,Chicken,Male,Lazy (B),October 10,uh-hoo
Kevin,404,Tier 6,Kevin,Pig,Male,Jock (A),April 26,weeweewee
Carrie,405,Tier 6,Carrie,Kangaroo,Female,Normal (A),December 5,little one
Ike,406,Tier 6,Ike,Bear,Male,Cranky (A),May 16,roadie
Chops,407,Tier 6,Chops,Pig,Male,Smug (A),October 13,zoink
Gloria,408,Tier 6,Gloria,Duck,Female,Snooty (B),August 12,quacker
Greta,409,Tier 6,Greta,Mouse,Female,Snooty (A),September 5,yelp
Queenie,410,Tier 6,Queenie,Ostrich,Female,Snooty (B),November 13,chicken
Bitty,411,Tier 6,Bitty,Hippo,Female,Snooty (A),October 6,my dear
Toby,412,Tier 6,Toby,Rabbit,Male,Smug (A),July 10,ribbit
Boyd,413,Tier 6,Boyd,Gorilla,Male,Cranky (A),October 1,uh-oh
